<?xml version="1.0"?>
<schema xmlns:xsi="http://www.w3.org/2001/XMLSchema-instance" xsi:noNamespaceSchemaLocation="urn:magento:framework:Setup/Declaration/Schema/etc/schema.xsd">
    <table name="countries_list" resource="default" engine="innodb" comment="countries List">
        <column xsi:type="int" name="country_id" unsigned="true" nullable="false" padding="10" identity="true" comment="Country Id"/>
        <column xsi:type="varchar" name="country_name" nullable="false" length="250" comment="Country Name"/>
        <column xsi:type="varchar" name="country_code" nullable="false" length="50" comment="Country Code"/>
        <column xsi:type="varchar" name="calling_code" nullable="false" length="255" comment="Calling Code"/>
        <column xsi:type="varchar" name="flag_image" length="255" comment="Flag Image"/>
        <column xsi:type="varchar" name="maximum_digit" nullable="false" length="255" comment="Maximum Digit"/>
        <column xsi:type="smallint" name="status" nullable="false" comment="Status"/>
        <column xsi:type="datetime" name="created_at" on_update="false" comment="Created At"/>
        <column xsi:type="datetime" name="updated_at" on_update="false" comment="Updated At"/>
        <constraint xsi:type="primary" referenceId="PRIMARY">
            <column name="country_id"/>
        </constraint>
    </table>
</schema>
