<?xml version="1.0"?>
<!--
/**
 * @package Seq_Countries
 */
-->
<config xmlns:xsi="http://www.w3.org/2001/XMLSchema-instance" xsi:noNamespaceSchemaLocation="urn:magento:framework:ObjectManager/etc/config.xsd">
	<virtualType name="CountryGridFilterPool" type="Magento\Framework\View\Element\UiComponent\DataProvider\FilterPool">
        <arguments>
            <argument name="appliers" xsi:type="array">
                <item name="regular" xsi:type="object">Magento\Framework\View\Element\UiComponent\DataProvider\RegularFilter</item>
                <item name="fulltext" xsi:type="object">Magento\Framework\View\Element\UiComponent\DataProvider\FulltextFilter</item>
            </argument>
        </arguments>
    </virtualType>   
	 <type name="Magento\Framework\View\Element\UiComponent\DataProvider\CollectionFactory">
        <arguments>
            <argument name="collections" xsi:type="array">
                <item name="countries_listing_data_source" xsi:type="string">Seq\Countries\Model\ResourceModel\Country\Grid\Collection</item>
            </argument>
       </arguments>
   </type>
   <virtualType name="Seq\Countries\Model\ResourceModel\Country\Grid\Collection" type="Magento\Framework\View\Element\UiComponent\DataProvider\SearchResult">
        <arguments>
            <argument name="mainTable" xsi:type="string">countries_list</argument>
            <argument name="resourceModel" xsi:type="string">Seq\Countries\Model\ResourceModel\Country</argument>
        </arguments>
    </virtualType> 
    <preference for="Seq\Countries\Api\CountryRepositoryInterface" type="Seq\Countries\Model\CountryRepository" />
    <preference for="Seq\Countries\Api\Data\CountryInterface" type="Seq\Countries\Model\Data\Country" />
    <preference for="Seq\Countries\Api\Data\CountrySearchResultsInterface" type="Magento\Framework\Api\SearchResults" />

    <!-- Image Uploader -->
    <type name="Seq\Countries\Model\ImageUploader">
    <arguments>
        <!-- Temporary file stored in pub/media/faq/tmp/icon -->
        <argument name="baseTmpPath" xsi:type="string">country/tmp/icon</argument>
        <argument name="basePath" xsi:type="string">country/icon</argument>
        <argument name="allowedExtensions" xsi:type="array">
            <item name="jpg" xsi:type="string">jpg</item>
            <item name="jpeg" xsi:type="string">jpeg</item>
            <item name="gif" xsi:type="string">gif</item>
            <item name="png" xsi:type="string">png</item>
        </argument>
    </arguments>
  </type>
  <!-- End Image Uploader -->
</config>
