<?xml version="1.0"?>
<schema xmlns:xsi="http://www.w3.org/2001/XMLSchema-instance" xsi:noNamespaceSchemaLocation="urn:magento:framework:Setup/Declaration/Schema/etc/schema.xsd">
    <table name="wk_grid_records" resource="default" engine="innodb" comment="countries List">
        <column xsi:type="int" name="entity_id" unsigned="true" nullable="false" padding="10" identity="true" comment="Entity Id"/>
        <column xsi:type="varchar" name="title" nullable="false" length="250" comment="Title"/>
        <column xsi:type="varchar" name="content" nullable="false" length="500" comment="Content"/>
        <column xsi:type="datetime" name="publish_date" nullable="false" comment="Publis Date"/>
        <column xsi:type="smallint" name="is_active"  comment="Is Active"/>
        <column xsi:type="varchar" name="maximum_digit" nullable="false" length="255" comment="Maximum Digit"/>
        <column xsi:type="datetime" name="created_at" on_update="false" comment="Created At"/>
        <column xsi:type="datetime" name="updated_time" on_update="false" comment="Updated At"/>
        <constraint xsi:type="primary" referenceId="PRIMARY">
            <column name="entity_id"/>
        </constraint>
    </table>
</schema>
